[
    {
        "title": "hjkbghfiw",
        "description": "fhdh nf",
        "subtasks": []
    },
    {
        "title": "hfhffhhfhhfhhf",
        "description": "fhdsfhnarvi",
        "subtasks": []
    },
    {
        "title": "fhdajkfadf",
        "description": "fadhdjk",
        "subtasks": []
    },
    {
        "title": "Первая задача",
        "description": "Описание какое-то",
        "subtasks": []
    },
    {
        "title": "Первая задаача",
        "description": "Описание какое-то",
        "subtasks": []
    }
]